RANK	DB	ID	ALT_ID	CONSENSUS	TP	TP%	FP	FP%	ENR_RATIO	SCORE_THR	PVALUE	LOG_PVALUE	EVALUE	LOG_EVALUE	QVALUE	LOG_QVALUE
1	motif_db/HUMAN/HOCOMOCOv11_core_HUMAN_mono_meme_format.meme	MITF_HUMAN.H11MO.0.A		TCACGTGACC	7	77.78	0	0.00	8	9.2	1.13e-3	-6.78	4.54e-1	-0.79	1.18e-1	-2.14
2	motif_db/HUMAN/HOCOMOCOv11_core_HUMAN_mono_meme_format.meme	SP2_HUMAN.H11MO.0.A		GGSSVGGGGGCGGGGCCDGSGS	9	100.00	2	22.22	3.33	7.4	2.26e-3	-6.09	9.07e-1	-0.10	1.18e-1	-2.14
3	motif_db/HUMAN/HOCOMOCOv11_core_HUMAN_mono_meme_format.meme	TAF1_HUMAN.H11MO.0.A		RARRWGGCGGMGGMGR	9	100.00	2	22.22	3.33	10	2.26e-3	-6.09	9.07e-1	-0.10	1.18e-1	-2.14
4	motif_db/HUMAN/HOCOMOCOv11_core_HUMAN_mono_meme_format.meme	SP1_HUMAN.H11MO.0.A		VGGGGGCGGGGCCKGGGGGGGG	9	100.00	2	22.22	3.33	5.8	3.39e-3	-5.69	1.36e0	0.31	1.18e-1	-2.14
5	motif_db/HUMAN/HOCOMOCOv11_core_HUMAN_mono_meme_format.meme	SP3_HUMAN.H11MO.0.B		SGVVGGGGGCGGGGCBRGSS	9	100.00	2	22.22	3.33	9.4	3.39e-3	-5.69	1.36e0	0.31	1.18e-1	-2.14
6	motif_db/HUMAN/HOCOMOCOv11_core_HUMAN_mono_meme_format.meme	SNAI2_HUMAN.H11MO.0.A		RRCAGGTGCN	6	66.67	0	0.00	7	14	4.52e-3	-5.40	1.81e0	0.60	1.18e-1	-2.14
7	motif_db/HUMAN/HOCOMOCOv11_core_HUMAN_mono_meme_format.meme	ZN770_HUMAN.H11MO.0.C		GGGAGGCYGAGGBRGGAGGATC	6	66.67	0	0.00	7	25	4.52e-3	-5.40	1.81e0	0.60	1.18e-1	-2.14
8	motif_db/HUMAN/HOCOMOCOv11_core_HUMAN_mono_meme_format.meme	THAP1_HUMAN.H11MO.0.C		SGCCGCCATSTYGGSYBCGGGC	9	100.00	3	33.33	2.5	9	9.03e-3	-4.71	3.62e0	1.29	1.18e-1	-2.14
9	motif_db/HUMAN/HOCOMOCOv11_core_HUMAN_mono_meme_format.meme	AP2B_HUMAN.H11MO.0.B		GCCYGVGGGS	9	100.00	3	33.33	2.5	9.5	1.35e-2	-4.30	5.42e0	1.69	1.18e-1	-2.14
10	motif_db/HUMAN/HOCOMOCOv11_core_HUMAN_mono_meme_format.meme	KLF8_HUMAN.H11MO.0.C		CAGGGKGTG	9	100.00	3	33.33	2.5	7.5	1.35e-2	-4.30	5.42e0	1.69	1.18e-1	-2.14
11	motif_db/HUMAN/HOCOMOCOv11_core_HUMAN_mono_meme_format.meme	SOX3_HUMAN.H11MO.0.B		BCCWTTGTBYB	9	100.00	3	33.33	2.5	9.7	1.35e-2	-4.30	5.42e0	1.69	1.18e-1	-2.14
12	motif_db/HUMAN/HOCOMOCOv11_core_HUMAN_mono_meme_format.meme	THB_HUMAN.H11MO.0.C		GRSSYSASVTSAGGTCA	9	100.00	3	33.33	2.5	9.3	1.35e-2	-4.30	5.42e0	1.69	1.18e-1	-2.14
13	motif_db/HUMAN/HOCOMOCOv11_core_HUMAN_mono_meme_format.meme	ZN121_HUMAN.H11MO.0.C		CTGGGCAACABAGYRAGACC	9	100.00	3	33.33	2.5	5.8	1.35e-2	-4.30	5.42e0	1.69	1.18e-1	-2.14
14	motif_db/HUMAN/HOCOMOCOv11_core_HUMAN_mono_meme_format.meme	ANDR_HUMAN.H11MO.0.A		TGTTCTTKKYTGTTTRYW	5	55.56	0	0.00	6	10	1.47e-2	-4.22	5.90e0	1.77	1.18e-1	-2.14
15	motif_db/HUMAN/HOCOMOCOv11_core_HUMAN_mono_meme_format.meme	NR6A1_HUMAN.H11MO.0.B		AAGKTCAAGKTCA	5	55.56	0	0.00	6	11	1.47e-2	-4.22	5.90e0	1.77	1.18e-1	-2.14
16	motif_db/HUMAN/HOCOMOCOv11_core_HUMAN_mono_meme_format.meme	OSR2_HUMAN.H11MO.0.C		GBYSCWGCTNCTGYDG	5	55.56	0	0.00	6	13	1.47e-2	-4.22	5.90e0	1.77	1.18e-1	-2.14
17	motif_db/HUMAN/HOCOMOCOv11_core_HUMAN_mono_meme_format.meme	PAX5_HUMAN.H11MO.0.A		SCSKGGGCARCVRAGCGWGAC	5	55.56	0	0.00	6	13	1.47e-2	-4.22	5.90e0	1.77	1.18e-1	-2.14
18	motif_db/HUMAN/HOCOMOCOv11_core_HUMAN_mono_meme_format.meme	SOX2_HUMAN.H11MO.0.A		BBCCTTTGTYYYB	5	55.56	0	0.00	6	11	1.47e-2	-4.22	5.90e0	1.77	1.18e-1	-2.14
19	motif_db/HUMAN/HOCOMOCOv11_core_HUMAN_mono_meme_format.meme	THA11_HUMAN.H11MO.0.B		KGCMTBCTGGGARTTGTAGTYY	5	55.56	0	0.00	6	8	1.47e-2	-4.22	5.90e0	1.77	1.18e-1	-2.14
20	motif_db/HUMAN/HOCOMOCOv11_core_HUMAN_mono_meme_format.meme	THA_HUMAN.H11MO.0.C		RGGTCABYTSAGGTCAK	5	55.56	0	0.00	6	12	1.47e-2	-4.22	5.90e0	1.77	1.18e-1	-2.14
21	motif_db/HUMAN/HOCOMOCOv11_core_HUMAN_mono_meme_format.meme	ZNF76_HUMAN.H11MO.0.C		RRKGCMTKCTGGGARWTGTAGT	5	55.56	0	0.00	6	11	1.47e-2	-4.22	5.90e0	1.77	1.18e-1	-2.14
22	motif_db/HUMAN/HOCOMOCOv11_core_HUMAN_mono_meme_format.meme	AHR_HUMAN.H11MO.0.B		DTYGCGTGM	7	77.78	1	11.11	4	11	1.52e-2	-4.19	6.08e0	1.81	1.18e-1	-2.14
23	motif_db/HUMAN/HOCOMOCOv11_core_HUMAN_mono_meme_format.meme	EGR1_HUMAN.H11MO.0.A		VDRDGCGKGGGYGGRRR	8	88.89	2	22.22	3	11	1.52e-2	-4.19	6.08e0	1.81	1.18e-1	-2.14
24	motif_db/HUMAN/HOCOMOCOv11_core_HUMAN_mono_meme_format.meme	USF1_HUMAN.H11MO.0.A		RGTCACGTGRBS	8	88.89	2	22.22	3	4.8	1.52e-2	-4.19	6.08e0	1.81	1.18e-1	-2.14
25	motif_db/HUMAN/HOCOMOCOv11_core_HUMAN_mono_meme_format.meme	ZBT17_HUMAN.H11MO.0.A		SRRGGWGGGGGAGGGGMRR	8	88.89	2	22.22	3	10	1.52e-2	-4.19	6.08e0	1.81	1.18e-1	-2.14
26	motif_db/HUMAN/HOCOMOCOv11_core_HUMAN_mono_meme_format.meme	ZSC22_HUMAN.H11MO.0.C		RGKCWGAGGGMGGAGG	7	77.78	1	11.11	4	11	1.52e-2	-4.19	6.08e0	1.81	1.18e-1	-2.14
27	motif_db/HUMAN/HOCOMOCOv11_core_HUMAN_mono_meme_format.meme	SRBP2_HUMAN.H11MO.0.B		VSGTGGGGWGABG	8	88.89	2	22.22	3	10	2.27e-2	-3.79	9.09e0	2.21	1.70e-1	-1.77

# SEA (Simple Enrichment Analysis): Version 5.5.2 compiled on Apr  9 2023 at 14:33:57
# The format of this file is described at https://meme-suite.org/meme/doc/sea-output-format.html.
# sea --verbosity 1 --oc . --thresh 10.0 --align center --p sequences.fa --m motif_db/HUMAN/HOCOMOCOv11_core_HUMAN_mono_meme_format.meme
